buy_amount,volume,sell_amount,gain,buy_sequence_number,sell_sequence_number,pnl
10,0.00012206079140067078,9.999998779392087,False,16,36,-1.2206079134102765e-06
10,0.00012206079140067078,9.999998779392087,False,17,37,-2.441215826820553e-06
10,0.00012206079140067078,9.999998779392087,False,18,38,-3.6618237402308296e-06
10,0.00012206079140067078,9.999998779392087,False,19,39,-4.882431653641106e-06
10,0.00012206079140067078,9.999998779392087,False,20,40,-6.103039567051383e-06
10,0.00012206079140067078,9.999998779392087,False,21,41,-7.323647480461659e-06
10,0.00012206079140067078,9.999998779392087,False,22,42,-8.544255393871936e-06
10,0.00012206079140067078,9.999998779392087,False,23,43,-9.764863307282212e-06
10,0.00012206079140067078,9.999998779392087,False,24,44,-1.0985471220692489e-05
10,0.00012206079140067078,9.999998779392087,False,25,45,-1.2206079134102765e-05
10,0.00012206079140067078,9.999998779392087,False,26,46,-1.3426687047513042e-05
10,0.00012206079140067078,9.999998779392087,False,27,47,-1.4647294960923318e-05
10,0.00012206079140067078,9.999998779392087,False,28,48,-1.5867902874333595e-05
10,0.00012206079140067078,9.999998779392087,False,29,49,-1.708851078774387e-05
10,0.00012206079140067078,9.999998779392087,False,30,50,-1.8309118701154148e-05
10,0.00012206079140067078,9.999998779392087,False,75,95,-1.9529726614564424e-05
10,0.00012206079140067078,10.001568039953671,True,117,137,0.0015485102270567097
10,0.00012206079140067078,10.001575363601155,True,118,138,0.003123873828211998
10,0.00012207244340324788,9.999182114629198,False,676,696,0.0023059884574099243
10,0.0001220929217483267,9.99914168676011,False,789,809,0.0014476752175198726
10,0.0001220929217483267,9.99914168676011,False,790,810,0.0005893619776298209
10,0.0001221033871357488,10.00042369875336,True,808,828,0.0010130607309903894
10,0.0001221033871357488,9.999998778966129,False,1342,1362,0.0010118396971190435
10,0.0001221033871357488,9.999998778966129,False,1343,1363,0.0010106186632476977
10,0.0001221033871357488,9.999998778966129,False,1530,1550,0.0010093976293763518
10,0.0001221033871357488,9.999998778966129,False,1544,1564,0.001008176595505006
10,0.0001221033871357488,10.0,False,1614,1634,0.001008176595505006
10,0.00012210337222651348,9.999998778966278,False,1717,1737,0.001006955561782874
10,0.00012211394378826518,9.999998778860563,False,1813,1833,0.001005734422346194
10,0.00012211394378826518,9.999998778860563,False,1816,1836,0.0010045132829095138
10,0.00012211394378826518,9.999998778860563,False,1819,1839,0.0010032921434728337
10,0.00012211394378826518,9.999998778860563,False,1820,1840,0.0010020710040361536
10,0.00012211394378826518,9.999998778860563,False,1821,1841,0.0010008498645994734
10,0.00012211394378826518,9.999998778860563,False,1829,1849,0.0009996287251627933
10,0.00012211394378826518,9.999998778860563,False,1830,1850,0.0009984075857261132
10,0.00012211394378826518,9.999998778860563,False,1833,1853,0.000997186446289433
10,0.00012211394378826518,9.999998778860563,False,1836,1856,0.000995965306852753
10,0.00012211394378826518,9.999998778860563,False,1837,1857,0.0009947441674160729
10,0.00012211394378826518,9.999998778860563,False,1838,1858,0.0009935230279793927
10,0.00012211394378826518,9.999998778860563,False,1839,1859,0.0009923018885427126
10,0.00012211394378826518,9.999998778860563,False,1889,1909,0.0009910807491060325
10,0.00012211394378826518,9.999998778860563,False,1892,1912,0.0009898596096693524
10,0.00012211394378826518,9.999998778860563,False,1894,1914,0.0009886384702326723
10,0.00012211394378826518,9.999998778860563,False,1895,1915,0.0009874173307959921
10,0.00012211394378826518,9.999998778860563,False,1896,1916,0.000986196191359312
10,0.00012211394378826518,9.999998778860563,False,1897,1917,0.000984975051922632
10,0.00012211394378826518,9.999998778860563,False,1898,1918,0.0009837539124859518
10,0.00012211394378826518,9.999998778860563,False,1899,1919,0.0009825327730492717
10,0.00012211394378826518,9.999998778860563,False,1900,1920,0.0009813116336125915
10,0.00012211394378826518,9.999998778860563,False,1901,1921,0.0009800904941759114
10,0.00012211394378826518,9.999998778860563,False,1902,1922,0.0009788693547392313
10,0.00012211394378826518,9.999998778860563,False,1903,1923,0.0009776482153025512
10,0.00012211394378826518,9.999998778860563,False,1904,1924,0.0009764270758658711
10,0.00012211394378826518,9.999998778860563,False,1905,1925,0.000975205936429191
10,0.00012211394378826518,9.999998778860563,False,1906,1926,0.0009739847969925108
10,0.00012211394378826518,9.999998778860563,False,1907,1927,0.0009727636575558307
10,0.00012211394378826518,9.999998778860563,False,1908,1928,0.0009715425181191506
10,0.00012211394378826518,9.999998778860563,False,1909,1929,0.0009703213786824705
10,0.00012211394378826518,9.999998778860563,False,1910,1930,0.0009691002392457904
10,0.00012211394378826518,9.999998778860563,False,1911,1931,0.0009678790998091102
10,0.00012211394378826518,9.999998778860563,False,1912,1932,0.0009666579603724301
10,0.00012211394378826518,9.999998778860563,False,1914,1934,0.00096543682093575
10,0.00012211394378826518,9.999998778860563,False,1933,1953,0.0009642156814990699
10,0.00012211394378826518,9.999998778860563,False,1934,1954,0.0009629945420623898
10,0.00012211394378826518,9.999998778860563,False,1935,1955,0.0009617734026257097
10,0.00012211394378826518,9.999998778860563,False,1936,1956,0.0009605522631890295
10,0.00012211394378826518,9.999998778860563,False,1937,1957,0.0009593311237523494
10,0.00012211394378826518,9.999998778860563,False,1938,1958,0.0009581099843156693
10,0.00012211394378826518,9.999998778860563,False,1939,1959,0.0009568888448789892
10,0.00012211394378826518,9.999998778860563,False,1940,1960,0.0009556677054423091
10,0.00012211394378826518,9.999998778860563,False,1941,1961,0.0009544465660056289
10,0.00012211394378826518,9.999998778860563,False,1942,1962,0.0009532254265689488
10,0.00012211394378826518,9.999998778860563,False,1943,1963,0.0009520042871322687
10,0.00012208254757953648,9.999998779174526,False,2092,2112,0.0009507834616577782
10,0.00012208254757953648,9.999998779174526,False,2093,2113,0.0009495626361832876
10,0.00012208254757953648,9.999998779174526,False,2094,2114,0.0009483418107087971
10,0.00012208254757953648,9.999998779174526,False,2095,2115,0.0009471209852343065
10,0.00012208254757953648,9.999998779174526,False,2096,2116,0.000945900159759816
10,0.00012208254757953648,9.999998779174526,False,2097,2117,0.0009446793342853255
10,0.00012208254757953648,9.999998779174526,False,2098,2118,0.0009434585088108349
10,0.00012208254757953648,9.999998779174526,False,2099,2119,0.0009422376833363444
10,0.00012208254757953648,9.999998779174526,False,2100,2120,0.0009410168578618539
10,0.00012208254757953648,9.999998779174526,False,2101,2121,0.0009397960323873633
10,0.00012208254757953648,9.999998779174526,False,2102,2122,0.0009385752069128728
10,0.00012208254757953648,9.999998779174526,False,2103,2123,0.0009373543814383822
10,0.00012208254757953648,10.001067610097765,True,2104,2124,0.002004964479203508
10,0.00012208254757953648,10.002557629371793,True,2123,2143,0.004562593850996777
10,0.00012205610712686453,9.999802290464409,False,2138,2158,0.004364884315405604
10,0.00012205131647601234,9.999904799973148,False,2142,2162,0.004269684288553677
10,0.00012205131647601234,9.999904799973148,False,2143,2163,0.00417448426170175
10,0.00012205131647601234,9.999904799973148,False,2144,2164,0.004079284234849823
10,0.00012209530288710016,10.000312238257218,True,2363,2383,0.004391522492067423
10,0.00012209521742044795,10.000316226613121,True,2364,2384,0.004707749105188341
10,0.00012209521742044795,10.000329657087036,True,2365,2385,0.005037406192224481
10,0.00012209521742044795,10.000321758321816,True,2366,2386,0.00535916451404006
10,0.00012209521742044795,10.000321110421817,True,2367,2387,0.005680274935857099
10,0.0001220912820353789,9.99999877908718,False,2643,2663,0.0056790540230373665
10,0.0001220912820353789,9.99999877908718,False,2669,2689,0.005677833110217634
10,0.0001220912820353789,9.99999877908718,False,2670,2690,0.005676612197397901
10,0.0001220912820353789,9.99999877908718,False,2671,2691,0.0056753912845781684
10,0.0001220912820353789,9.99999877908718,False,2672,2692,0.005674170371758436
10,0.0001220912820353789,9.99999877908718,False,2673,2693,0.005672949458938703
10,0.0001220912820353789,9.99999877908718,False,2674,2694,0.00567172854611897
10,0.0001220912820353789,9.99999877908718,False,2675,2695,0.005670507633299238
10,0.0001220912820353789,9.99999877908718,False,2676,2696,0.005669286720479505
10,0.0001220912820353789,9.99999877908718,False,2677,2697,0.005668065807659772
10,0.0001220912820353789,9.99999877908718,False,2678,2698,0.00566684489484004
10,0.0001220912820353789,9.99999877908718,False,2679,2699,0.005665623982020307
10,0.00012208381444529876,9.999998779161855,False,2853,2873,0.005664403143875063
10,0.00012208381444529876,10.00104992080423,True,2859,2879,0.00671432394810445
10,0.00012208381444529876,10.00104992080423,True,2860,2880,0.007764244752333838
10,0.00012208381444529876,10.00104992080423,True,2861,2881,0.008814165556563225
10,0.00012208381444529876,10.001051141642375,True,2862,2882,0.009865307198937856
10,0.00012208381444529876,10.001051141642375,True,2863,2883,0.010916448841312487
10,0.00012208381444529876,10.001051141642375,True,2864,2884,0.011967590483687118
10,0.00012208381444529876,10.001051141642375,True,2865,2885,0.01301873212606175
10,0.00012208381444529876,10.001051141642375,True,2866,2886,0.01406987376843638
10,0.00012208381444529876,10.001051141642375,True,2867,2887,0.015121015410811012
10,0.00012208381444529876,10.001329492739309,True,2868,2888,0.016450508150120058
10,0.00012208381444529876,10.001329492739309,True,2869,2889,0.017780000889429104
10,0.00012208381444529876,10.001329492739309,True,2870,2890,0.01910949362873815
10,0.00012208381444529876,10.001329492739309,True,2871,2891,0.020438986368047196
10,0.00012208381444529876,10.00220971704146,True,2872,2892,0.022648703409506865
10,0.00012208381444529876,10.00220971704146,True,2873,2893,0.024858420450966534
10,0.00012206759835749405,10.000881148535063,True,2881,2901,0.025739568986029582
10,0.00012206705088846608,10.000836294923172,True,2882,2902,0.026575863909201303
10,0.0001220667422474044,10.000811008257285,True,2883,2903,0.027386872166486498
10,0.0001220667422474044,10.000811008257285,True,2884,2904,0.028197880423771693
10,0.00012206673999458788,10.000810823686189,True,2885,2905,0.029008704109960703
10,0.0001220665259795265,10.000793289637665,True,2887,2907,0.029801993747625488
10,0.0001220646052615037,10.000635927053947,True,2888,2908,0.030437920801572815
10,0.0001220646052615037,10.000635927053947,True,2889,2909,0.031073847855520143
10,0.0001220646052615037,10.000635927053947,True,2890,2910,0.03170977490946747
10,0.00012205682843875279,9.999998779431714,False,2892,2912,0.03170855434118103
10,0.00012205682843875279,9.999998779431714,False,2893,2913,0.031707333772894586
10,0.00012205623025934132,9.999949771166785,False,2902,2922,0.031657104939679215
10,0.00012204407719483153,10.000482428815657,True,2953,2973,0.03213953375533585
10,0.00012204407719483153,10.000482428815657,True,2954,2974,0.03262196257099248
10,0.00012203561821345422,9.99989144189415,False,2978,2998,0.03251340446514206
10,0.00012203686855836017,9.999993898156571,False,2994,3014,0.03250730262171331
10,0.00012203692813037839,9.999998779630717,False,3007,3027,0.032506082252430346
10,0.00012203177536586042,9.999998779682247,False,3687,3707,0.03250486193467772
10,0.00012207971585701975,9.99999877920284,False,4086,4106,0.03250364113751836
10,0.00012207971585701975,9.99999877920284,False,4087,4107,0.032502420340358995
10,0.00012207971585701975,9.99999877920284,False,4088,4108,0.03250119954319963
10,0.00012207971585701975,9.99999877920284,False,4094,4114,0.03249997874604027
10,0.00012207971585701975,9.99999877920284,False,4095,4115,0.03249875794888091
10,0.00012207971585701975,9.99999877920284,False,4097,4117,0.032497537151721545
10,0.00012207971585701975,9.99999877920284,False,4098,4118,0.03249631635456218
10,0.00012207971585701975,9.99999877920284,False,4099,4119,0.03249509555740282
10,0.00012207971585701975,9.99999877920284,False,4100,4120,0.03249387476024346
10,0.00012207971585701975,9.99999877920284,False,4101,4121,0.032492653963084095
10,0.00012207971585701975,9.99999877920284,False,4104,4124,0.03249143316592473
10,0.00012207971585701975,9.99999877920284,False,4105,4125,0.03249021236876537
10,0.00012207971585701975,9.99999877920284,False,4106,4126,0.03248899157160601
10,0.00012207971585701975,9.99999877920284,False,4107,4127,0.032487770774446645
10,0.00012207971585701975,9.99999877920284,False,4108,4128,0.03248654997728728
10,0.00012207971585701975,9.99999877920284,False,4109,4129,0.03248532918012792
10,0.00012207971585701975,9.99999877920284,False,4110,4130,0.03248410838296856
10,0.00012207971585701975,9.99999877920284,False,4112,4132,0.032482887585809195
10,0.00012207971585701975,9.99999877920284,False,4113,4133,0.03248166678864983
10,0.00012207971585701975,9.99999877920284,False,4114,4134,0.03248044599149047
10,0.00012207971585701975,9.99999877920284,False,4115,4135,0.03247922519433111
10,0.00012207971585701975,9.99999877920284,False,4116,4136,0.032478004397171745
10,0.00012207971585701975,9.99999877920284,False,4117,4137,0.03247678360001238
10,0.00012207971585701975,9.99999877920284,False,4172,4192,0.03247556280285302
10,0.0001220726073219638,9.999998779273925,False,4297,4317,0.03247434207677813
10,0.0001220726073219638,9.999998779273925,False,4298,4318,0.03247312135070324
10,0.00012214793727556843,9.999998778520625,False,5256,5276,0.0324718998713287
10,0.00012214793727556843,9.999998778520625,False,5257,5277,0.032470678391954166
10,0.00012214793727556843,9.999998778520625,False,5258,5278,0.03246945691257963
10,0.00012214793727556843,9.999998778520625,False,5259,5279,0.032468235433205095
10,0.00012214793727556843,9.999998778520625,False,5260,5280,0.03246701395383056
10,0.00012214793727556843,9.999998778520625,False,5261,5281,0.03246579247445602
10,0.00012214793727556843,9.999998778520625,False,5262,5282,0.03246457099508149
10,0.00012214793727556843,9.999998778520625,False,5263,5283,0.03246334951570695
10,0.00012214793727556843,9.999998778520625,False,5264,5284,0.032462128036332416
10,0.00012213231790895792,9.99999877867682,False,5332,5352,0.03246090671315294
10,0.00012213231790895792,9.99999877867682,False,5334,5354,0.03245968538997346
10,0.00012213098196907251,9.999889394056506,False,5339,5359,0.03234907944647958
10,0.00012213098196907251,9.999889394056506,False,5340,5360,0.0322384735029857
10,0.00012213231790895792,9.99999877867682,False,5341,5361,0.03223725217980622
10,0.0001221297650242058,9.999789752557932,False,5343,5363,0.03202700473773845
10,0.0001221297650242058,9.999789752557932,False,5344,5364,0.03181675729567068
10,0.00012213119242219435,9.999906625621398,False,5345,5365,0.03172338291706822
10,0.00012213119242219435,9.999906625621398,False,5346,5366,0.03163000853846576
10,0.00012213119242219435,9.999906625621398,False,5347,5367,0.0315366341598633
10,0.00012213119242219435,9.999906625621398,False,5348,5368,0.031443259781260835
10,0.00012214793727556843,9.999998778520625,False,5781,5801,0.0314420383018863
10,0.00012214793727556843,9.999998778520625,False,5782,5802,0.03144081682251176
10,0.00012214793727556843,9.999998778520625,False,5783,5803,0.03143959534313723
10,0.00012213522665733228,10.000236942339715,True,6088,6108,0.03167653768285206
10,0.00012213522665733228,10.000236942339715,True,6089,6109,0.03191348002256689
10,0.00012213233282526285,10.000000000000002,True,7032,7052,0.03191348002256866
10,0.00012213231790895792,9.99999877867682,False,7038,7058,0.031912258699389184
10,0.00012213231790895792,9.99999877867682,False,7045,7065,0.031911037376209705
10,0.00012213231790895792,9.99999877867682,False,7046,7066,0.03190981605303023
10,0.00012212793267331326,10.000554460814335,True,7090,7110,0.03246427686736553
10,0.00012209676779331458,9.998871825865589,False,7422,7442,0.031336102732954174
10,0.00012209676779331458,9.998871825865589,False,7423,7443,0.03020792859854282
10,0.00012222606419484008,10.000931362609164,True,8458,8478,0.03113929120770642
10,0.00012222606419484008,10.000931362609164,True,8459,8479,0.03207065381687002
10,0.00012222685597813998,10.000589244371575,True,8579,8599,0.03265989818844517
10,0.0001222165948793434,10.000121109816822,True,8596,8616,0.03278100800526751
10,0.00012222597455964121,10.000485237119003,True,8624,8644,0.033266245124270455
10,0.00012222597455964121,10.000480458365617,True,8625,8645,0.03374670348988751
10,0.00012220237519868578,10.003443662933098,True,8675,8695,0.03719036642298512
10,0.00012220155617820742,10.003376618203395,True,8676,8696,0.04056698462638053
10,0.00012220172765610817,10.003390655324335,True,8677,8697,0.04395763995071533
10,0.00012220004522184915,10.003252931844743,True,8678,8698,0.04721057179545873
10,0.00012217214250354177,10.00104579353983,True,8686,8706,0.04825636533528943
10,0.00012214523679380968,10.00121412365373,True,8733,8753,0.0494704889890194
10,0.0001221111160079537,10.000977331054493,True,8810,8830,0.05044782004351234
10,0.0001221111160079537,10.000977331054493,True,8811,8831,0.05142515109800527
10,0.0001221106661180716,10.00094048478972,True,8812,8832,0.05236563588772469
10,0.00012210979336433632,10.000869005708966,True,8813,8833,0.053234641596690224
10,0.00012210773484208002,10.000700411439304,True,8814,8834,0.05393505303599433
10,0.0001221202070719079,9.999921843067472,False,8899,8919,0.05385689610346667
10,0.0001221202070719079,9.998645686903572,False,8900,8920,0.052502583007038695
10,0.0001221202070719079,9.998645686903572,False,8901,8921,0.05114826991061072
10,0.0001221202070719079,9.999069444022112,False,8902,8922,0.050217713932722674
10,0.0001221202070719079,9.999069444022112,False,8903,8923,0.049287157954834626
10,0.0001221202070719079,9.999069444022112,False,8904,8924,0.04835660197694658
10,0.0001221202070719079,9.999069444022112,False,8905,8925,0.04742604599905853
10,0.00012211719465053417,10.000609364801306,True,9026,9046,0.048035410800364886
10,0.00012211719465053417,10.0006118071452,True,9040,9060,0.04864721794556459
10,0.00012210765526426262,9.999830592843207,False,9041,9061,0.048477810788771336
10,0.00012210765526426262,9.999830592843207,False,9042,9062,0.04830840363197808
10,0.00012210766318620272,9.999831241599082,False,9043,9063,0.04813964523106051
10,0.00012210766318620272,9.999831241599082,False,9044,9064,0.047970886830142945
10,0.00012210973880116322,10.000001221097389,True,9050,9070,0.04797210792753148
10,0.00012210695298693454,9.999773080852702,False,9058,9078,0.04774518878023315
10,0.00012210695298693454,9.999773080852702,False,9059,9079,0.04751826963293482
10,0.0001221112597205142,9.999998778887402,False,9360,9380,0.04751704852033711
10,0.0001221112597205142,9.999998778887402,False,9366,9386,0.04751582740773941
10,0.00012209324924860836,9.999620253334898,False,9393,9413,0.04713608074263753
10,0.00012209634815082236,9.999874058074578,False,9398,9418,0.04701013881721572
10,0.00012209635069715245,9.99987426662283,False,9399,9419,0.04688440544004635
10,0.00012209787096721417,9.999998779021292,False,9457,9477,0.04688318446133799
10,0.00012209787096721417,9.999998779021292,False,9461,9481,0.04688196348262963
10,0.00012209787096721417,9.999998779021292,False,9471,9491,0.04688074250392127
10,0.00012209787096721417,9.999998779021292,False,9481,9501,0.04687952152521291
10,0.00012209787096721417,9.999998779021292,False,9500,9520,0.04687830054650455
10,0.00012209787096721417,9.999998779021292,False,9501,9521,0.04687707956779619
10,0.00012209787096721417,9.999998779021292,False,9502,9522,0.04687585858908783
10,0.00012209787096721417,9.999998779021292,False,9503,9523,0.046874637610379466
10,0.00012209787096721417,9.999998779021292,False,9504,9524,0.046873416631671105
10,0.00012209787096721417,9.999998779021292,False,9506,9526,0.046872195652962745
10,0.00012209787096721417,9.999998779021292,False,9507,9527,0.046870974674254384
10,0.00012209787096721417,9.999998779021292,False,9508,9528,0.046869753695546024
10,0.00012209787096721417,9.999998779021292,False,9509,9529,0.04686853271683766
10,0.00012209787096721417,9.999998779021292,False,9510,9530,0.0468673117381293
10,0.00012209787096721417,9.999998779021292,False,9515,9535,0.04686609075942094
10,0.00012209787096721417,9.999998779021292,False,9516,9536,0.04686486978071258
10,0.00012209787096721417,9.999998779021292,False,9519,9539,0.04686364880200422
10,0.00012209787096721417,9.999998779021292,False,9520,9540,0.04686242782329586
10,0.00012209787096721417,9.999998779021292,False,9521,9541,0.0468612068445875
10,0.00012209787096721417,9.999998779021292,False,9522,9542,0.04685998586587914
10,0.00012209787096721417,9.999998779021292,False,9523,9543,0.04685876488717078
10,0.00012209787096721417,9.999998779021292,False,9524,9544,0.04685754390846242
10,0.00012209787096721417,9.999998779021292,False,9525,9545,0.04685632292975406
10,0.00012209787096721417,9.999998779021292,False,9576,9596,0.0468551019510457
10,0.00012209787096721417,9.999998779021292,False,9577,9597,0.046853880972337336
10,0.00012209787096721417,9.999998779021292,False,9579,9599,0.046852659993628976
10,0.00012209787096721417,9.999998779021292,False,9584,9604,0.046851439014920615
10,0.00012208645259132768,10.001634737600197,True,9608,9628,0.04848617661511767
10,0.00012208645259132768,10.001634737600197,True,9609,9629,0.05012091421531473
10,0.00012208645259132768,10.001634737600197,True,9611,9631,0.05175565181551178
10,0.00012206647129765687,10.000999984599927,True,9638,9658,0.0527556364154389
10,0.00012206646840468158,10.000999747576234,True,9639,9659,0.0537553839916729
10,0.00012206646840468158,10.000999747576234,True,9640,9660,0.0547551315679069
10,0.00012206646840468158,10.000999747576234,True,9641,9661,0.0557548791441409
10,0.00012206646840468158,10.000999747576234,True,9642,9662,0.0567546267203749
10,0.00012206646840468158,10.000999747576234,True,9643,9663,0.0577543742966089
10,0.00012210524344181934,9.99999817479513,False,10330,10350,0.057752549091738103
10,0.00012210525081883782,9.999998778947493,False,10423,10443,0.057751328039231
10,0.00012210525081883782,9.999998778947493,False,10424,10444,0.05775010698672389
10,0.00012210525081883782,9.999998778947493,False,10425,10445,0.05774888593421679
10,0.00012210525081883782,9.999998778947493,False,10427,10447,0.05774766488170968
10,0.00012210525081883782,9.999998778947493,False,10428,10448,0.057746443829202576
10,0.00012210525081883782,9.999998778947493,False,10429,10449,0.05774522277669547
10,0.00012210525081883782,9.999998778947493,False,10430,10450,0.057744001724188365
10,0.00012210277586008586,9.999998778972243,False,10458,10478,0.05774278069643124
10,0.00012210277586008586,9.999998778972243,False,10459,10479,0.057741559668674114
10,0.00012210277586008586,9.999998778972243,False,10461,10481,0.05774033864091699
10,0.00012210277586008586,9.999998778972243,False,10462,10482,0.05773911761315986
10,0.00012210277586008586,9.999998778972243,False,10463,10483,0.05773789658540274
10,0.00012214426703668237,10.000225966894018,True,11246,11266,0.0579638634794204
10,0.00012214426703668237,10.000225966894018,True,11247,11267,0.058189830373438056
10,0.00012214426703668237,10.000225966894018,True,11256,11276,0.058415797267455716
10,0.00012214149212443873,9.999998778585079,False,11257,11277,0.05841457585253451
10,0.00012214149212443873,9.999998778585079,False,11258,11278,0.05841335443761331
10,0.00012212785809719912,10.001673151655933,True,12361,12381,0.06008650609354582
10,0.00012211369028793188,10.00051287749921,True,12364,12384,0.06059938359275563
10,0.00012211369028793188,10.00051287749921,True,12366,12386,0.061112261091965436
10,0.00012209612476808338,9.999850878848191,False,12391,12411,0.06096313994015645
10,0.00012209613075751823,9.99985136939165,False,12392,12412,0.060814509331805766
10,0.00012209793059880366,10.002130283013113,True,12549,12569,0.06294479234491845
10,0.00012209792200458403,10.002231246135022,True,12550,12570,0.06517603847994025
10,0.00012209792200458403,10.002231246135022,True,12557,12577,0.06740728461496204
10,0.00012209792200458403,10.001337489345948,True,12558,12578,0.06874477396091017
10,0.0001220775635104208,9.999669875617897,False,12564,12584,0.06841464957880738
10,0.00012207730837863426,9.999648977153292,False,12565,12585,0.06806362673209954
10,0.00012209624602881958,9.999998779037538,False,12729,12749,0.06806240576963773
10,0.00012209624602881958,9.999998779037538,False,12738,12758,0.06806118480717593
10,0.00012208157881757643,10.000920495104284,True,12892,12912,0.06898167991145954
10,0.00012208157881757643,10.000920495104284,True,12893,12913,0.06990217501574314
10,0.00012208157881757643,10.000920495104284,True,12894,12914,0.07082267012002674
10,0.00012208157881757643,10.000920495104284,True,12895,12915,0.07174316522431035
10,0.00012208157881757643,10.000920495104284,True,12896,12916,0.07266366032859395
10,0.00012208157881757643,10.000920495104284,True,12897,12917,0.07358415543287755
10,0.00012208157881757643,10.000920495104284,True,12898,12918,0.07450465053716115
10,0.00012208157881757643,10.000920495104284,True,12906,12926,0.07542514564144476
10,0.0001220703125,9.999998779296876,False,12962,12982,0.0754239249383204
10,0.00012205106323563227,9.999998779489367,False,13677,13697,0.07542270442768739
10,0.00012204340693445756,10.000624862243503,True,13721,13741,0.07604756667119084
10,0.00012200810207002606,9.999998779918979,False,14034,14054,0.07604634659016973
10,0.00012200193958683554,10.000780812413355,True,15773,15793,0.07682715900352477
10,0.00012205991237563012,9.999720482800662,False,16419,16439,0.07654764180418638
10,0.00012208676559927022,9.999998779132344,False,16657,16677,0.07654642093653052
10,0.00012205246351912893,10.0007248322218,True,17033,17053,0.07727125315833128
10,0.00012205246351912893,10.000778417404291,True,17034,17054,0.07804967056262235
10,0.0001220889268883891,10.001062173663929,True,18122,18142,0.07911184422655104
10,0.0001220889268883891,10.001062173663929,True,18123,18143,0.08017401789047973
10,0.00012207594539884775,10.000991256676638,True,18316,18336,0.08116527456711786
10,0.00012206071690653225,9.999909277461587,False,18344,18364,0.08107455202870462
10,0.00012206071690653225,9.999908277461586,False,18345,18365,0.08098282949029034
10,0.00012206071690653225,9.999909277461587,False,18346,18366,0.0808921069518771
10,0.00012206071690653225,9.999992161177758,False,18347,18367,0.08088426812963512
10,0.00012206590191565343,9.999998779340979,False,18515,18535,0.08088304747061414
10,0.00012206590191565343,9.999998779340979,False,18571,18591,0.08088182681159317
10,0.00012206590191565343,10.001779528328566,True,18575,18595,0.08266135514015893
10,0.00012206590191565343,10.001767293600718,True,18576,18596,0.08442864874087697
10,0.00012206590191565343,10.002142256578619,True,18577,18597,0.08657090531949585
10,0.00012206590191565343,10.001802472053255,True,18579,18599,0.08837337737275064
10,0.00012206590191565343,10.001800472053256,True,18580,18600,0.09017384942600692
10,0.00012206590191565343,10.001800472053256,True,18584,18604,0.09197432147926321
10,0.00012206590191565343,10.001800472053256,True,18585,18605,0.0937747935325195
10,0.00012204668383293956,10.001531142614233,True,18720,18740,0.09530593614675276
10,0.00012204668383293956,10.001057633077874,True,18722,18742,0.09636356922462674
10,0.00012204668383293956,10.001057633077874,True,18724,18744,0.09742120230250073
10,0.00012204668383293956,10.00116798676428,True,18725,18745,0.09858918906678049
10,0.00012204668383293956,10.00116920723112,True,18728,18748,0.09975839629790073
10,0.00012204668383293956,10.00116920723112,True,18731,18751,0.10092760352902097
10,0.00012202707194626924,9.99956210254869,False,18735,18755,0.10048970607771146
10,0.00012202659325546816,9.999522876020372,False,18738,18758,0.10001258209808306
10,0.00012202659325546816,9.999522876020372,False,18739,18759,0.09953545811845466
10,0.0001220969317773626,9.999998779030683,False,19602,19622,0.0995342371491379
10,0.0001220969317773626,9.999998779030683,False,19603,19623,0.09953301617982113
10,0.0001220969317773626,9.999998779030683,False,19604,19624,0.09953179521050437
10,0.0001220969317773626,9.999998779030683,False,19605,19625,0.09953057424118761
10,0.0001220969317773626,9.999998779030683,False,19606,19626,0.09952935327187085
10,0.0001220969317773626,9.999998779030683,False,19607,19627,0.09952813230255408
10,0.0001220969317773626,9.999998779030683,False,19608,19628,0.09952691133323732
10,0.0001220969317773626,9.999998779030683,False,19609,19629,0.09952569036392056
10,0.0001220969317773626,9.999998779030683,False,19610,19630,0.0995244693946038
10,0.0001220969317773626,9.999998779030683,False,19611,19631,0.09952324842528704
10,0.0001220969317773626,9.999998779030683,False,19612,19632,0.09952202745597027
10,0.0001220969317773626,9.999998779030683,False,19639,19659,0.09952080648665351
10,0.0001220969317773626,10.000025640355675,True,19640,19660,0.0995464468423286
10,0.0001220969317773626,10.000924273773556,True,19641,19661,0.1004707206158848
10,0.0001220969317773626,10.000385826304418,True,19642,19662,0.1008565469203031
10,0.0001220969317773626,10.000448095739623,True,19643,19663,0.101304642659926
10,0.0001220969317773626,10.000509144205513,True,19644,19664,0.10181378686543852
10,0.0001220969317773626,10.000550657162316,True,19645,19665,0.10236444402775469
10,0.0001220969317773626,10.00062635726002,True,19646,19666,0.10299080128777405
10,0.0001220969317773626,10.000832701074723,True,19649,19669,0.10382350236249671
10,0.0001220969317773626,10.000832701074723,True,19650,19670,0.10465620343721938
10,0.0001220969317773626,10.000832701074723,True,19651,19671,0.10548890451194204
10,0.0001220969317773626,10.00083492204404,True,19652,19672,0.10632382655598249
10,0.0001220969317773626,10.000859562399713,True,19653,19673,0.10718338895569524
10,0.0001220969317773626,10.000859562399713,True,19654,19674,0.10804295135540798
10,0.0001220969317773626,10.000859562399713,True,19655,19675,0.10890251375512072
10,0.0001220969317773626,10.000859562399713,True,19656,19676,0.10976207615483347
10,0.0001220969317773626,10.000859562399713,True,19657,19677,0.11062163855454621
10,0.0001220969317773626,10.000859562399713,True,19658,19678,0.11148120095425895
10,0.00012209368199381912,10.000815585795719,True,19659,19679,0.11229678674997778
10,0.00012209660380970707,10.001580417208004,True,19660,19680,0.11387720395798162
10,0.00012208542220320956,10.000170318588427,True,19662,19682,0.11404752254640904
10,0.00012208508036594168,10.000287157817965,True,19665,19685,0.11433468036437411
10,0.0001220867458256714,10.000280400747942,True,19669,19689,0.11461508111231566
10,0.0001220867458256714,10.000282842482857,True,19670,19690,0.11489792359517281
10,0.00012208674498571465,10.000291319753067,True,19671,19691,0.11518924334824021
10,0.0001220831191767594,9.999996766472828,False,19672,19692,0.11518600982106797
10,0.00012208293525507445,9.999990246999268,False,19673,19693,0.11517625682033561
10,0.00012208293525507445,10.000040301002723,True,19674,19694,0.11521655782305906
10,0.00012208293525507445,10.000054950954953,True,19675,19695,0.11527150877801162
10,0.00012208293525507445,10.000069600907185,True,19676,19696,0.11534110968519684
10,0.00012208293525507445,10.00008669251812,True,19677,19697,0.1154278022033175
10,0.00012208283129206906,10.000047655967649,True,19678,19698,0.11547545817096605
10,0.0001220693141303654,9.99999877930686,False,19745,19765,0.11547423747782659
10,0.0001220693141303654,9.99999877930686,False,19746,19766,0.11547301678468713
10,0.0001220693141303654,9.99999877930686,False,19747,19767,0.11547179609154767
10,0.0001220693141303654,9.99999877930686,False,19748,19768,0.11547057539840822
10,0.0001220693141303654,9.99999877930686,False,19749,19769,0.11546935470526876
10,0.0001220693141303654,9.99999877930686,False,19751,19771,0.1154681340121293
10,0.0001220693141303654,9.99999877930686,False,19752,19772,0.11546691331898984
10,0.0001220693141303654,9.99999877930686,False,19753,19773,0.11546569262585038
10,0.0001220693141303654,9.99999877930686,False,19755,19775,0.11546447193271092
10,0.0001220693141303654,9.99999877930686,False,19756,19776,0.11546325123957146
10,0.0001220693141303654,9.99999877930686,False,19766,19786,0.115462030546432
10,0.0001220693141303654,9.99999877930686,False,19767,19787,0.11546080985329255
10,0.0001220693141303654,9.99999877930686,False,19768,19788,0.11545958916015309
10,0.0001220693141303654,9.99999877930686,False,19769,19789,0.11545836846701363
10,0.0001220693141303654,9.99999877930686,False,19770,19790,0.11545714777387417
10,0.0001220693141303654,9.99999877930686,False,19771,19791,0.11545592708073471
10,0.0001220693141303654,9.99999877930686,False,19772,19792,0.11545470638759525
10,0.0001220693141303654,9.99999877930686,False,19773,19793,0.11545348569445579
10,0.0001220693141303654,9.99999877930686,False,19774,19794,0.11545226500131633
10,0.0001220693141303654,9.99999877930686,False,19775,19795,0.11545104430817688
10,0.0001220693141303654,9.99999877930686,False,19776,19796,0.11544982361503742
10,0.0001220693141303654,9.99999877930686,False,19777,19797,0.11544860292189796
10,0.0001220693141303654,9.99999877930686,False,19778,19798,0.1154473822287585
10,0.0001220693141303654,9.99999877930686,False,19780,19800,0.11544616153561904
10,0.0001220693141303654,9.99999877930686,False,19781,19801,0.11544494084247958
10,0.0001220693141303654,9.99999877930686,False,19782,19802,0.11544372014934012
10,0.0001220693141303654,9.99999877930686,False,19783,19803,0.11544249945620066
10,0.0001220693141303654,9.99999877930686,False,19784,19804,0.1154412787630612
10,0.0001220693141303654,9.99999877930686,False,19814,19834,0.11544005806992175
10,0.0001220693141303654,9.99999877930686,False,19815,19835,0.11543883737678229
10,0.0001220693141303654,9.99999877930686,False,19817,19837,0.11543761668364283
10,0.0001220693141303654,9.99999877930686,False,19818,19838,0.11543639599050337
10,0.0001220693141303654,9.99999877930686,False,19819,19839,0.11543517529736391
10,0.0001220693141303654,9.99999877930686,False,19822,19842,0.11543395460422445
10,0.0001220693141303654,9.99999877930686,False,19824,19844,0.115432733911085
10,0.0001220693141303654,9.99999877930686,False,19825,19845,0.11543151321794554
10,0.0001220693141303654,9.99999877930686,False,19826,19846,0.11543029252480608
10,0.0001220693141303654,10.000194090209467,True,19838,19858,0.11562438273427311
10,0.0001220693141303654,10.000194090209467,True,19839,19859,0.11581847294374015
10,0.0001220693141303654,10.000194090209467,True,19840,19860,0.11601256315320718
10,0.0001220693141303654,10.00023315238999,True,19845,19865,0.11624571554319729
10,0.0001220693141303654,10.00023315238999,True,19847,19867,0.1164788679331874
10,0.0001220693141303654,10.00023315238999,True,19852,19872,0.11671202032317751
10,0.0001220693141303654,10.00023315238999,True,19853,19873,0.11694517271316762
10,0.00012206645322126657,9.999998779335469,False,19861,19881,0.11694395204863639
10,0.00012206645322126657,10.001047330168639,True,19871,19891,0.11799128221727528
10,0.00012206645322126657,10.001162072634667,True,19872,19892,0.11915335485194234
10,0.00012206645322126657,10.001080564852382,True,19873,19893,0.12023391970432407
10,0.00012206645322126657,10.001307035765228,True,19874,19894,0.1215409554695519
10,0.00012206645322126657,10.001181762666684,True,19875,19895,0.12272271813623625
10,0.00012206645322126657,10.001192748647473,True,19876,19896,0.1239154667837088
10,0.00012206645322126657,10.001168335356828,True,19877,19897,0.12508380214053716
10,0.00012206645322126657,10.001367510320902,True,19878,19898,0.12645131246143926
10,0.00012206645322126657,10.00142041218643,True,19879,19899,0.12787172464786956
10,0.00012206645322126657,10.001547802626847,True,19880,19900,0.12941952727471673
10,0.00012206645322126657,10.001534328071171,True,19881,19901,0.13095385534588821
10,0.00012205183785657446,10.001059409952596,True,20160,20180,0.13201326529848423
10,0.00012205183785657446,10.001059409952596,True,20161,20181,0.13307267525108024
10,0.00012203718131210472,9.999998779628186,False,20413,20433,0.13307145487926597
10,0.00012203718131210472,9.999998779628186,False,20414,20434,0.1330702345074517
10,0.00012203718131210472,9.999998779628186,False,20415,20435,0.13306901413563743
10,0.00012203718131210472,9.999998779628186,False,20416,20436,0.13306779376382316
10,0.00012203718131210472,9.999998779628186,False,20417,20437,0.1330665733920089
10,0.00012203718131210472,9.999998779628186,False,20420,20440,0.13306535302019462
10,0.00012203718131210472,9.999998779628186,False,20421,20441,0.13306413264838035
10,0.00012203718131210472,9.999998779628186,False,20423,20443,0.13306291227656608
10,0.00012203718131210472,9.999998779628186,False,20425,20445,0.1330616919047518
10,0.00012203718131210472,9.999998779628186,False,20435,20455,0.13306047153293754
10,0.00012205031841707572,10.000688363795872,True,20731,20751,0.13374883532880943
10,0.00012205031841707572,10.000688363795872,True,20732,20752,0.13443719912468133
10,0.00012203729930375348,9.999621589888214,False,20733,20753,0.13405878901289547
10,0.00012204447935458974,10.00020991650449,True,20735,20755,0.13426870551738546
10,0.00012204116788240105,9.999938577586132,False,20749,20769,0.13420728310351748
10,0.00012204116788240105,9.999938577586132,False,20750,20770,0.1341458606896495
10,0.00012204116788240105,9.999938577586132,False,20751,20771,0.13408443827578154
10,0.00012204116788240105,9.999938577586132,False,20752,20772,0.13402301586191356
10,0.00012204190259908978,9.999998779580974,False,20753,20773,0.13402179544288728
10,0.00012204190259908978,9.999998779580974,False,20754,20774,0.134020575023861
10,0.00012204190259908978,9.999998779580974,False,20755,20775,0.13401935460483472
10,0.00012204190259908978,9.999998779580974,False,20756,20776,0.13401813418580844
10,0.00012204659446064681,10.000383226306607,True,20985,21005,0.13440136049241502
10,0.00012204659446064681,10.000383226306607,True,20986,21006,0.1347845867990216
10,0.00012204659446064681,10.000383226306607,True,20987,21007,0.1351678131056282
10,0.00012204659446064681,10.000383226306607,True,20988,21008,0.1355510394122348
10,0.00012204659446064681,10.000383226306607,True,20989,21009,0.13593426571884137
10,0.00012205712639686751,9.999249348672658,False,22416,22436,0.13518361439149906
10,0.00012205155482085945,9.998955627522822,False,22417,22437,0.1341392419143208
10,0.00012206745202765406,9.99972050514817,False,23263,23283,0.13385974706249115
10,0.00012206984086101309,10.000934259965854,True,23265,23285,0.13479400702834532
10,0.00012206895986231184,10.001424819435654,True,23266,23286,0.13621882646399897
10,0.0001220701809798603,10.001524868746882,True,23267,23287,0.13774369521088126
10,0.00012206895986231184,10.001424819435654,True,23268,23288,0.1391685146465349
10,0.00012207024654573161,10.00153024072788,True,23269,23289,0.14069875537441412
10,0.00012207011951208854,10.001519832533756,True,23270,23290,0.14221858790816988
10,0.00012206956631227191,10.001474507445524,True,23271,23291,0.14369309535369368
10,0.00012206956631227191,10.001474507445524,True,23272,23292,0.14516760279921748
10,0.0001220708489441604,10.001579596785337,True,23284,23304,0.14674719958455462
10,0.00012205155482085945,9.999998779484454,False,23288,23308,0.14674597906900821
10,0.00012205155482085945,9.999998779484454,False,23502,23522,0.1467447585534618
10,0.00012205155482085945,9.999998779484454,False,23503,23523,0.1467435380379154
10,0.00012205155482085945,9.999998779484454,False,23504,23524,0.146742317522369
10,0.00012205155482085945,9.999998779484454,False,23506,23526,0.14674109700682259
10,0.00012205155482085945,9.999998779484454,False,23507,23527,0.14673987649127618
10,0.00012205155482085945,9.999998779484454,False,23508,23528,0.14673865597572977
10,0.00012205155482085945,9.999998779484454,False,23509,23529,0.14673743546018336
10,0.00012205155482085945,9.999998779484454,False,23510,23530,0.14673621494463696
10,0.00012205155482085945,9.999998779484454,False,23511,23531,0.14673499442909055
10,0.00012205155482085945,9.999998779484454,False,23513,23533,0.14673377391354414
10,0.00012205155482085945,9.999998779484454,False,23516,23536,0.14673255339799773
10,0.00012205155482085945,9.999998779484454,False,23517,23537,0.14673133288245133
10,0.00012205155482085945,9.999998779484454,False,23518,23538,0.14673011236690492
10,0.00012205155482085945,9.999998779484454,False,23519,23539,0.1467288918513585
10,0.00012205155482085945,9.999998779484454,False,23520,23540,0.1467276713358121
10,0.00012206423312901407,9.99999877935767,False,24159,24179,0.14672645069348178
10,0.00012206853928757626,9.999998779314605,False,24666,24686,0.14672523000808724
10,0.00012206853928757626,9.999998779314605,False,24667,24687,0.1467240093226927
10,0.0001221317510920716,10.000327313092928,True,24759,24779,0.1470513224156207
10,0.0001221289320020303,10.000113579906763,True,24760,24780,0.147164902322384
10,0.00012212946896152823,10.000158768309648,True,24762,24782,0.14732367063203178
10,0.0001221214782743454,9.998757094451168,False,24791,24811,0.1460807650831999
10,0.00012212491974373192,9.999887634670142,False,24829,24849,0.14596839975334142
10,0.00012212491974373192,9.999887634670142,False,24830,24850,0.14585603442348294
10,0.00012212491974373192,9.999887634670142,False,24831,24851,0.14574366909362446
10,0.0001221243536611205,9.999841282439016,False,24832,24852,0.14558495153264062
10,0.0001221243536611205,9.999841282439016,False,24833,24853,0.14542623397165677
10,0.0001221243536611205,9.999841282439016,False,24834,24854,0.14526751641067293
10,0.0001221243536611205,9.999841282439016,False,24835,24855,0.14510879884968908
10,0.0001221243536611205,10.000206434256464,True,24836,24856,0.14531523310615313
10,0.0001221243536611205,10.000206434256464,True,24837,24857,0.14552166736261718
10,0.0001221243536611205,10.000206434256464,True,24838,24858,0.14572810161908123
10,0.0001221243536611205,10.000206434256464,True,24839,24859,0.14593453587554528
10,0.0001221243536611205,10.000206434256464,True,24840,24860,0.14614097013200933
10,0.0001221243536611205,10.000206434256464,True,24841,24861,0.14634740438847338
10,0.0001221243536611205,10.000206434256464,True,24842,24862,0.14655383864493743
10,0.0001221243536611205,10.000206434256464,True,24843,24863,0.14676027290140148
10,0.0001221243536611205,10.000206434256464,True,24844,24864,0.14696670715786553
10,0.0001221243536611205,10.000206434256464,True,24845,24865,0.14717314141432958
10,0.0001221243536611205,10.000206434256464,True,24846,24866,0.14737957567079363
10,0.0001221243536611205,10.000206434256464,True,24847,24867,0.14758600992725768
10,0.0001221243536611205,10.000206434256464,True,24848,24868,0.14779244418372173
10,0.0001221243536611205,10.000206434256464,True,24849,24869,0.14799887844018578
10,0.0001221243536611205,10.000206434256464,True,24850,24870,0.14820531269664983
10,0.0001221243536611205,10.000335886071344,True,24851,24871,0.14854119876799388
10,0.0001221243536611205,10.000381072082199,True,24852,24872,0.14892227085019272
10,0.0001221243536611205,10.000428700580125,True,24853,24873,0.14935097143031761
10,0.0001221243536611205,10.000727905246597,True,24854,24874,0.15007887667691477
10,0.0001221243536611205,10.000770648770377,True,24855,24875,0.1508495254472919
10,0.00012212071659219197,10.000521657264233,True,24856,24876,0.15137118271152517
10,0.000122120684089471,10.000577613529824,True,24857,24877,0.15194879624134927
10,0.00012212070982077605,10.0006358962171,True,24858,24878,0.15258469245844886
10,0.00012212070982077605,10.000678638465537,True,24859,24879,0.15326333092398592
10,0.00012212070982077605,10.000722601921073,True,24860,24880,0.15398593284505857
10,0.0001221207531579808,10.000788432480322,True,24861,24881,0.15477436532538036
10,0.00012212069492369016,10.000797096798127,True,24862,24882,0.1555714621235076
10,0.000122120684089471,10.000796209554345,True,24863,24883,0.15636767167785237
10,0.000122120684089471,10.000796209554345,True,24864,24884,0.15716388123219716
10,0.000122120684089471,10.000796209554345,True,24865,24885,0.15796009078654194
10,0.000122120684089471,10.000798651968026,True,24866,24886,0.1587587427545678
10,0.0001221207572208611,10.000804640898673,True,24867,24887,0.15956338365324108
10,0.00012212075857515522,10.000804751805543,True,24868,24888,0.1603681354587838
10,0.00012212075857515522,10.000804751805543,True,24869,24889,0.16117288726432655
10,0.00012212069086085548,10.000799206495323,True,24870,24890,0.16197209375964938
10,0.00012210548556543897,10.000221920045146,True,24907,24927,0.16219401380479503
10,0.0001221027609509998,9.99999877897239,False,24908,24928,0.16219279277718535
10,0.0001221027609509998,9.99999877897239,False,24912,24932,0.16219157174957566
10,0.0001221027609509998,9.99999877897239,False,24913,24933,0.16219035072196597
10,0.0001221027609509998,9.99999877897239,False,24914,24934,0.16218912969435628
10,0.0001221027609509998,9.99999877897239,False,24915,24935,0.1621879086667466
10,0.0001221027609509998,9.99999877897239,False,24916,24936,0.1621866876391369
10,0.0001221027609509998,9.99999877897239,False,24917,24937,0.16218546661152722
10,0.0001221027609509998,9.99999877897239,False,24918,24938,0.16218424558391753
10,0.0001221027609509998,9.99999877897239,False,24919,24939,0.16218302455630784
10,0.0001221027609509998,9.99999877897239,False,24920,24940,0.16218180352869815
10,0.0001221027609509998,9.99999877897239,False,24921,24941,0.16218058250108847
10,0.0001221027609509998,9.99999877897239,False,24922,24942,0.16217936147347878
10,0.0001221027609509998,9.99999877897239,False,24923,24943,0.1621781404458691
10,0.0001221027609509998,9.99999877897239,False,24924,24944,0.1621769194182594
10,0.0001221027609509998,9.99999877897239,False,24925,24945,0.16217569839064971
10,0.00012209496021382086,9.999359912482749,False,24930,24950,0.16153561087339874
10,0.00012209451945194644,9.999323814869788,False,24933,24953,0.1608594257431868
10,0.00012209254274540485,9.99916192612257,False,24942,24962,0.1600213518657565
10,0.00012209413211868576,9.999292092965192,False,24943,24963,0.15931344483094811
10,0.0001220951872743545,9.999378508336285,False,24944,24964,0.15869195316723328
10,0.0001220951872743545,9.999378508336285,False,24945,24965,0.15807046150351844
10,0.00012209407208178672,9.999287176050027,False,24946,24966,0.15735763755354526
10,0.00012209407208178672,9.999987996023776,False,24947,24967,0.15734563357732156
10,0.00012209485336213123,10.000051985977862,True,24948,24968,0.1573976195551836
10,0.00012209485336213123,10.000051985977862,True,24949,24969,0.15744960553304566
10,0.00012209490678794996,10.000056361763983,True,24950,24970,0.1575059672970287
10,0.00012209490678794996,10.000056361763983,True,24951,24971,0.15756232906101175
10,0.00012209490678794996,10.000056361763983,True,24952,24972,0.1576186908249948
10,0.00012209490678794996,10.000056361763983,True,24953,24973,0.15767505258897785
10,0.00012209490678794996,10.00006979220373,True,24954,24974,0.1577448447927079
10,0.00012209490678794996,10.00006979220373,True,24955,24975,0.15781463699643794
10,0.00012209490678794996,10.000099094981357,True,24956,24976,0.15791373197779457
10,0.00012209490678794996,10.000099094981357,True,24957,24977,0.1580128269591512
10,0.00012209490678794996,10.000099094981357,True,24958,24978,0.15811192194050783
10,0.00012209490678794996,10.000099094981357,True,24959,24979,0.15821101692186446
10,0.00012209490678794996,10.000099094981357,True,24960,24980,0.15831011190322108
10,0.00012209490678794996,10.000099094981357,True,24961,24981,0.1584092068845777
10,0.00012209522734395824,10.000125349900031,True,24962,24982,0.15853455678460904
10,0.00012209522734395824,10.000129012756853,True,24963,24983,0.15866356954146177
10,0.00012209522734395824,10.000137559422766,True,24964,24984,0.15880112896422816
10,0.00012209522734395824,10.000143664184135,True,24965,24985,0.15894479314836296
10,0.00012209509377872647,10.00013882935064,True,24966,24986,0.15908362249900243
10,0.00012208977651954767,9.999998779102233,False,24989,25009,0.15908240160123555
10,0.00012208977651954767,9.999998779102233,False,24990,25010,0.15908118070346866
10,0.00012208977651954767,9.999998779102233,False,24991,25011,0.15907995980570178
10,0.00012208977651954767,9.999998779102233,False,24992,25012,0.1590787389079349
10,0.00012208977651954767,9.999998779102233,False,24993,25013,0.159077518010168
10,0.00012208977651954767,9.999998779102233,False,24994,25014,0.15907629711240112
10,0.00012208977651954767,9.999998779102233,False,24995,25015,0.15907507621463424
10,0.00012208977651954767,9.999998779102233,False,24996,25016,0.15907385531686735
10,0.00012208977651954767,9.999998779102233,False,24997,25017,0.15907263441910047
10,0.00012208977651954767,9.999998779102233,False,24998,25018,0.15907141352133358
10,0.00012208977651954767,9.999998779102233,False,24999,25019,0.1590701926235667
10,0.00012208977651954767,9.999998779102233,False,25000,25020,0.1590689717257998
10,0.00012208977651954767,9.999998779102233,False,25001,25021,0.15906775082803293
10,0.00012208977651954767,9.999998779102233,False,25002,25022,0.15906652993026604
10,0.00012208977651954767,9.999998779102233,False,25003,25023,0.15906530903249916
10,0.00012208977651954767,9.999998779102233,False,25004,25024,0.15906408813473227
10,0.00012208977651954767,9.999998779102233,False,25005,25025,0.1590628672369654
10,0.00012208977651954767,9.999998779102233,False,25006,25026,0.1590616463391985
10,0.00012208977651954767,9.999998779102233,False,25007,25027,0.15906042544143162
10,0.00012208977651954767,9.999998779102233,False,25008,25028,0.15905920454366473
10,0.00012208977651954767,9.999998779102233,False,25009,25029,0.15905798364589785
10,0.00012208977651954767,9.999998779102233,False,25010,25030,0.15905676274813096
10,0.00012208977651954767,9.999998779102233,False,25011,25031,0.15905554185036408
10,0.00012208977651954767,9.999998779102233,False,25012,25032,0.1590543209525972
10,0.00012208977651954767,9.999998779102233,False,25013,25033,0.1590531000548303
10,0.00012208977651954767,9.999998779102233,False,25014,25034,0.15905187915706342
10,0.00012208977651954767,9.999998779102233,False,25015,25035,0.15905065825929654
10,0.00012208977651954767,9.999998779102233,False,25016,25036,0.15904943736152966
10,0.00012208977651954767,9.999998779102233,False,25017,25037,0.15904821646376277
10,0.00012208977651954767,9.999998779102233,False,25018,25038,0.15904699556599589
10,0.00012208977651954767,9.999998779102233,False,25020,25040,0.159045774668229
10,0.00012208977651954767,9.999998779102233,False,25021,25041,0.15904455377046212
10,0.00012208977651954767,9.999998779102233,False,25022,25042,0.15904333287269523
10,0.00012208977651954767,9.999998779102233,False,25023,25043,0.15904211197492835
10,0.00012208977651954767,9.999998779102233,False,25024,25044,0.15904089107716146
10,0.00012208977651954767,9.999998779102233,False,25035,25055,0.15903967017939458
10,0.00012208977651954767,9.999998779102233,False,25036,25056,0.1590384492816277
10,0.00012208977651954767,9.999998779102233,False,25038,25058,0.1590372283838608
10,0.00012208977651954767,9.999998779102233,False,25039,25059,0.15903600748609392
10,0.00012208977651954767,9.999998779102233,False,25040,25060,0.15903478658832704
10,0.00012208977651954767,9.999998779102233,False,25041,25061,0.15903356569056015
10,0.00012208977651954767,9.999998779102233,False,25042,25062,0.15903234479279327
10,0.00012208977651954767,9.999998779102233,False,25043,25063,0.15903112389502638
10,0.00012208977651954767,9.999998779102233,False,25044,25064,0.1590299029972595
10,0.00012208977651954767,9.999998779102233,False,25045,25065,0.1590286820994926
10,0.00012208977651954767,9.999998779102233,False,25046,25066,0.15902746120172573
10,0.00012208977651954767,9.999998779102233,False,25047,25067,0.15902624030395884
10,0.00012208977651954767,9.999998779102233,False,25048,25068,0.15902501940619196
10,0.00012208977651954767,9.999998779102233,False,25049,25069,0.15902379850842507
10,0.00012208977651954767,9.999998779102233,False,25050,25070,0.1590225776106582
10,0.00012208977651954767,9.999998779102233,False,25051,25071,0.1590213567128913
10,0.00012208977651954767,9.999998779102233,False,25052,25072,0.15902013581512442
10,0.00012208977651954767,9.999998779102233,False,25053,25073,0.15901891491735753
10,0.00012208977651954767,9.999998779102233,False,25054,25074,0.15901769401959065
10,0.00012208977651954767,9.999998779102233,False,25055,25075,0.15901647312182376
10,0.00012208977651954767,9.999998779102233,False,25056,25076,0.15901525222405688
10,0.00012208977651954767,9.999998779102233,False,25057,25077,0.15901403132629
10,0.00012208977651954767,9.999998779102233,False,25058,25078,0.1590128104285231
10,0.00012208977651954767,9.999998779102233,False,25059,25079,0.15901158953075623
10,0.00012208977651954767,9.999998779102233,False,25060,25080,0.15901036863298934
10,0.00012208977651954767,9.999998779102233,False,25061,25081,0.15900914773522246
10,0.00012208977651954767,9.999998779102233,False,25062,25082,0.15900792683745557
10,0.00012208977651954767,10.000003662693295,True,25063,25083,0.1590115895307509
10,0.00012208977651954767,10.000010988079886,True,25064,25084,0.15902257761063687
10,0.00012208977651954767,10.000014650773181,True,25065,25085,0.15903722838381817
10,0.00012208977651954767,10.000014650773181,True,25066,25086,0.15905187915699948
10,0.00012208977651954767,10.000014650773181,True,25067,25087,0.15906652993018078
10,0.00012208977651954767,10.000014650773181,True,25068,25088,0.15908118070336208
10,0.00012208977651954767,10.000017092568713,True,25069,25089,0.15909827327207537
10,0.00012208977651954767,10.000048835910608,True,25070,25090,0.15914710918268327
10,0.00012208977651954767,10.00009400912792,True,25071,25091,0.15924111831060372
10,0.00012208977651954767,10.000102555412276,True,25072,25092,0.15934367372287994
10,0.00012208977651954767,10.00012208977652,True,25073,25093,0.15946576349939967
10,0.00012208977651954767,10.000130636060875,True,25074,25094,0.15959639956027516
10,0.00012208977651954767,10.000136740549701,True,25075,25095,0.1597331401099762
10,0.00012208977651954767,10.000136740549701,True,25076,25096,0.15986988065967722
10,0.00012208977651954767,10.000136740549701,True,25077,25097,0.16000662120937825
10,0.00012208977651954767,10.000136740549701,True,25078,25098,0.16014336175907928
10,0.00012208977651954767,10.000136740549701,True,25079,25099,0.16028010230878031
10,0.00012208977651954767,10.000127511780988,True,25080,25100,0.16040761408976856
10,0.00012208977651954767,10.000127511780988,True,25081,25101,0.1605351258707568
10,0.00012208977651954767,9.999964689932984,False,25082,25102,0.16049981580374073
10,0.00012208809217455617,10.000205107994852,True,25192,25212,0.16070492379859225
10,0.00012208809217455617,10.000205107994852,True,25193,25213,0.16091003179344376
10,0.00012208809217455617,10.000205107994852,True,25195,25215,0.16111513978829528
10,0.00012208809217455617,10.000205107994852,True,25199,25219,0.1613202477831468
10,0.00012208809217455617,10.000205107994852,True,25200,25220,0.16152535577799831
10,0.00012208809217455617,10.000205107994852,True,25201,25221,0.16173046377284983
10,0.00012208809217455617,10.000205107994852,True,25202,25222,0.16193557176770135
10,0.00012208809217455617,10.000205107994852,True,25203,25223,0.16214067976255286
10,0.0001220855731966496,9.999998779144269,False,25205,25225,0.1621394589068217
10,0.0001220855731966496,9.999998779144269,False,25206,25226,0.1621382380510905
10,0.0001220855731966496,9.999998779144269,False,25207,25227,0.16213701719535933
10,0.0001220855731966496,9.999998779144269,False,25208,25228,0.16213579633962816
10,0.0001220855731966496,9.999998779144269,False,25209,25229,0.16213457548389698
10,0.0001220855731966496,9.999998779144269,False,25210,25230,0.1621333546281658
10,0.0001220855731966496,9.999998779144269,False,25211,25231,0.16213213377243463
10,0.0001220855731966496,9.999998779144269,False,25212,25232,0.16213091291670345
10,0.0001220855731966496,9.999998779144269,False,25213,25233,0.16212969206097227
10,0.0001220855731966496,9.999998779144269,False,25214,25234,0.1621284712052411
10,0.0001220855731966496,9.999998779144269,False,25215,25235,0.16212725034950992
10,0.0001220855731966496,9.999998779144269,False,25216,25236,0.16212602949377874
10,0.0001220855731966496,9.999998779144269,False,25217,25237,0.16212480863804757
10,0.0001220855731966496,9.999998779144269,False,25218,25238,0.1621235877823164
10,0.0001220855731966496,9.999998779144269,False,25219,25239,0.16212236692658522
10,0.0001220855731966496,9.999998779144269,False,25220,25240,0.16212114607085404
10,0.0001220855731966496,9.999998779144269,False,25221,25241,0.16211992521512286
10,0.0001220855731966496,9.999998779144269,False,25222,25242,0.16211870435939169
10,0.0001220855731966496,9.999998779144269,False,25223,25243,0.1621174835036605
10,0.0001220855731966496,9.999998779144269,False,25224,25244,0.16211626264792933
10,0.0001220855731966496,9.999998779144269,False,25225,25245,0.16211504179219816
10,0.0001220855731966496,9.999998779144269,False,25226,25246,0.16211382093646698
10,0.0001220855731966496,9.999998779144269,False,25227,25247,0.1621126000807358
10,0.0001220855731966496,9.999998779144269,False,25228,25248,0.16211137922500463
10,0.0001220855731966496,9.999998779144269,False,25229,25249,0.16211015836927345
10,0.0001220855731966496,9.999998779144269,False,25230,25250,0.16210893751354227
10,0.0001220855731966496,9.999998779144269,False,25231,25251,0.1621077166578111
10,0.0001220855731966496,9.999998779144269,False,25232,25252,0.16210649580207992
10,0.0001220855731966496,9.999998779144269,False,25233,25253,0.16210527494634874
10,0.0001220855731966496,9.999998779144269,False,25234,25254,0.16210405409061757
10,0.0001220855731966496,9.999998779144269,False,25235,25255,0.1621028332348864
10,0.0001220855731966496,9.999998779144269,False,25236,25256,0.1621016123791552
10,0.0001220855731966496,10.001106095293164,True,25237,25257,0.16320770767231885
10,0.0001220855731966496,10.001106095293164,True,25238,25258,0.16431380296548248
10,0.0001220855731966496,10.001106095293164,True,25239,25259,0.16541989825864611
10,0.0001220855731966496,10.001106095293164,True,25240,25260,0.16652599355180975
10,0.0001220855731966496,10.001106095293164,True,25241,25261,0.16763208884497338
10,0.0001220855731966496,10.001106095293164,True,25242,25262,0.16873818413813702
10,0.0001220855731966496,10.001106095293164,True,25243,25263,0.16984427943130065
10,0.0001220855731966496,10.001106095293164,True,25244,25264,0.17095037472446428
10,0.0001220855731966496,10.001106095293164,True,25245,25265,0.17205647001762792
10,0.0001220855731966496,10.001106095293164,True,25246,25266,0.17316256531079155
10,0.0001220855731966496,10.001106095293164,True,25247,25267,0.17426866060395518
10,0.0001220855731966496,10.001106095293164,True,25248,25268,0.17537475589711882
10,0.0001220855731966496,10.001106095293164,True,25249,25269,0.17648085119028245
10,0.0001220855731966496,10.001106095293164,True,25250,25270,0.17758694648344608
10,0.0001220855731966496,10.001106095293164,True,25251,25271,0.17869304177660972
10,0.0001220855731966496,10.001106095293164,True,25252,25272,0.17979913706977335
10,0.0001220855731966496,10.001106095293164,True,25253,25273,0.18090523236293699
10,0.0001220855731966496,10.001106095293164,True,25254,25274,0.18201132765610062
10,0.0001220855731966496,10.001106095293164,True,25255,25275,0.18311742294926425
10,0.0001220855731966496,10.001106095293164,True,25256,25276,0.18422351824242789
10,0.00012207205596076017,9.99999877927944,False,25258,25278,0.18422229752186858
10,0.00012207205596076017,9.99999877927944,False,25259,25279,0.18422107680130928
10,0.00012207205596076017,9.99999877927944,False,25260,25280,0.18421985608074998
10,0.00012207205596076017,10.00000122072056,True,25262,25282,0.18422107680130928
10,0.00012207205596076017,9.99999877927944,False,25267,25287,0.18421985608074998
10,0.00012207205596076017,9.99999877927944,False,25268,25288,0.18421863536019067
10,0.00012207930533582976,9.999998113313891,False,25820,25840,0.184216748674082
10,0.00012207930533582976,9.999998113313891,False,25821,25841,0.18421486198797332
10,0.00012207930533582976,9.999998113313891,False,25822,25842,0.18421297530186465
10,0.0001220770048585882,9.99980967213615,False,25823,25843,0.18402264743801489
10,0.0001220766011139734,10.000179452603637,True,25924,25944,0.18420210004165227
10,0.0001220766011139734,10.000179452603637,True,25927,25947,0.18438155264528966
10,0.0001220766011139734,10.000179452603637,True,25928,25948,0.18456100524892705
10,0.0001220766011139734,10.000179452603637,True,25929,25949,0.18474045785256443
10,0.0001220723661242022,9.999832533887803,False,25935,25955,0.18457299174036734
10,0.00012207234357572552,9.999830686778601,False,25936,25956,0.18440367851896866
10,0.00012207333572432269,9.999911960863272,False,25937,25957,0.18431563938224116
10,0.00012207333572432269,9.999911960863272,False,25938,25958,0.18422760024551366
10,0.00012207333572432269,9.999911960863272,False,25939,25959,0.18413956110878615
10,0.00012207333572432269,9.999911960863272,False,25940,25960,0.18405152197205865
10,0.00012207234357572552,9.999830686778601,False,25945,25965,0.18388220875065997
10,0.00012207318539672238,9.999899646439657,False,25947,25967,0.18378185519031653
10,0.00012207234357572552,9.999830686778601,False,25948,25968,0.18361254196891785
10,0.00012207234357572552,9.999830686778601,False,25949,25969,0.18344322874751917
10,0.00012207439555473413,9.999998779256044,False,25950,25970,0.18344200800356347
10,0.00012207439555473413,9.999998779256044,False,25951,25971,0.18344078725960777
10,0.00012207439555473413,9.999998779256044,False,25952,25972,0.18343956651565207
10,0.00012207439555473413,9.999998779256044,False,25953,25973,0.18343834577169638
10,0.00012207439555473413,9.999998779256044,False,25954,25974,0.18343712502774068
10,0.00012207439555473413,9.999998779256044,False,25955,25975,0.18343590428378498
10,0.00012207439555473413,9.999998779256044,False,25956,25976,0.18343468353982928
10,0.00012207439555473413,9.999998779256044,False,25957,25977,0.18343346279587358
10,0.00012207439555473413,9.999958494705512,False,25958,25978,0.18339195750138515
10,0.00012208185381053704,10.000289884604232,True,26075,26095,0.18368184210561722
10,0.00012208185381053704,10.000289884604232,True,26077,26097,0.1839717267098493
10,0.00012207439555473413,9.999732657073736,False,26085,26105,0.183704383783585
10,0.00012207621637491293,9.999886692734794,False,26086,26106,0.18359107651837903
10,0.00012207439555473413,9.999746085257245,False,26105,26125,0.18333716177562387
10,0.00012207748037940217,9.999998779225196,False,26159,26179,0.18333594100081996
10,0.00012207730154472957,9.999998779226987,False,26219,26239,0.1833347202278066
10,0.00012205495133608063,9.999998779450486,False,26287,26307,0.1833334996782927
10,0.00012205495133608063,9.999998779450486,False,26288,26308,0.1833322791287788
10,0.00012205483623606029,9.99998934927129,False,26289,26309,0.18332162840006916
10,0.00012205102817426227,9.99967735362576,False,26301,26321,0.1829989820258291
10,0.00012205495133608063,9.999998779450486,False,26641,26661,0.1829977614763152
10,0.00012205495133608063,9.999998779450486,False,26643,26663,0.1829965409268013
10,0.00012205507051548617,9.999998779449296,False,27242,27262,0.18299532037609723
10,0.00012205507051548617,9.999998779449296,False,27243,27263,0.18299409982539316
10,0.00012205507051548617,9.999998779449296,False,27244,27264,0.1829928792746891
10,0.00012205507051548617,9.999998779449296,False,27245,27265,0.18299165872398504
10,0.00012205507051548617,9.999998779449296,False,27251,27271,0.18299043817328098
10,0.00012205507051548617,9.999998779449296,False,27252,27272,0.18298921762257692
10,0.00012205507051548617,9.999998779449296,False,27253,27273,0.18298799707187285
10,0.00012205507051548617,9.999998779449296,False,27254,27274,0.1829867765211688
10,0.00012205507051548617,9.999998779449296,False,27255,27275,0.18298555597046473
10,0.00012205507051548617,9.999998779449296,False,27256,27276,0.18298433541976067
10,0.00012205507051548617,9.999998779449296,False,27257,27277,0.1829831148690566
10,0.00012205507051548617,9.999998779449296,False,27258,27278,0.18298189431835254
10,0.00012205507051548617,9.999998779449296,False,27259,27279,0.18298067376764848
10,0.00012205507051548617,9.999998779449296,False,27260,27280,0.18297945321694442
10,0.00012205507051548617,9.999998779449296,False,27261,27281,0.18297823266624036
10,0.00012205507051548617,9.999998779449296,False,27262,27282,0.1829770121155363
10,0.00012205507051548617,9.999998779449296,False,27263,27283,0.18297579156483224
10,0.00012205507051548617,9.999998779449296,False,27298,27318,0.18297457101412817
10,0.0001220459468470408,10.000265477104657,True,27564,27584,0.18324004811878503
10,0.0001220459468470408,10.000724369864802,True,27565,27585,0.18396441798358687
10,0.0001220459463661798,10.001456606140147,True,27566,27586,0.18542102412373396
10,0.0001220459463661798,10.001455385680684,True,27567,27587,0.18687640980441778
10,0.0001220459463661798,10.001455385680684,True,27568,27588,0.1883317954851016
10,0.0001220459463661798,10.001455385680684,True,27569,27589,0.1897871811657854
10,0.0001220459463661798,10.001455385680684,True,27570,27590,0.19124256684646923
10,0.0001220459463661798,10.001455385680684,True,27571,27591,0.19269795252715305
10,0.0001220459463661798,10.001455385680684,True,27572,27592,0.19415333820783687
10,0.0001220459463661798,10.001455385680684,True,27573,27593,0.19560872388852069
10,0.0001220459463661798,10.001455385680684,True,27574,27594,0.1970641095692045
10,0.0001220459463661798,10.001455385680684,True,27575,27595,0.19851949524988832
10,0.0001220459463661798,10.001455385680684,True,27576,27596,0.19997488093057214
10,0.0001220459463661798,10.001455385680684,True,27577,27597,0.20143026661125596
10,0.0001220459463661798,10.001455385680684,True,27578,27598,0.20288565229193978
10,0.0001220459463661798,10.001455385680684,True,27579,27599,0.2043410379726236
10,0.0001220459463661798,10.001455385680684,True,27580,27600,0.20579642365330741
10,0.0001220459463661798,10.001455385680684,True,27581,27601,0.20725180933399123
10,0.0001220459463661798,10.001455385680684,True,27582,27602,0.20870719501467505
10,0.0001220459539630457,10.001456008230779,True,27583,27603,0.2101632032454539
10,0.00012202721884073427,9.999621730495608,False,27597,27617,0.20978493374106222
10,0.00012202721069703073,9.999632045602025,False,27598,27618,0.20941697934308756
10,0.00012202721069703073,9.99964180777888,False,27599,27619,0.20905878712196824
10,0.00012202721069703073,9.99964180777888,False,27600,27620,0.2087005949008489
10,0.00012202585072642065,9.999536464919803,False,27602,27622,0.208237059820652
10,0.00012202817166776757,9.999726656895465,False,27617,27637,0.20796371671611702
10,0.00012202817166776757,9.999726656895465,False,27618,27638,0.20769037361158205
10,0.00012202971052599146,9.999852760248423,False,27621,27641,0.2075431338600051
10,0.00012202967677910058,9.999849994824016,False,27622,27642,0.20739312868402138
10,0.0001220314752388366,9.999997371495466,False,27623,27643,0.20739050017948735
10,0.0001220314752388366,9.999997371495466,False,27624,27644,0.20738787167495332
10,0.00012203149242318667,9.999998779685077,False,27625,27645,0.20738665136003043
10,0.00012203149242318667,9.999998779685077,False,27626,27646,0.20738543104510754
10,0.00012203149242318667,9.999998779685077,False,27627,27647,0.20738421073018465
10,0.00012203149242318667,9.999998779685077,False,27628,27648,0.20738299041526176
10,0.00012203149242318667,9.999998779685077,False,27629,27649,0.20738177010033887
10,0.00012203149242318667,9.999998779685077,False,27630,27650,0.20738054978541598
10,0.00012203149242318667,9.999998779685077,False,27631,27651,0.2073793294704931
10,0.00012203149242318667,9.999998779685077,False,27647,27667,0.2073781091555702
10,0.00012203149242318667,9.999998779685077,False,27648,27668,0.2073768888406473
10,0.00012203149242318667,9.999998779685077,False,27656,27676,0.20737566852572442
10,0.00012202817166776757,10.001103134671878,True,27914,27934,0.20847880319760215
10,0.00012202817166776757,10.001103134671878,True,27915,27935,0.20958193786947987
10,0.00012202817166776757,10.001103134671878,True,27916,27936,0.2106850725413576
10,0.00012200955114592034,9.999577046418072,False,27932,27952,0.21026211895942915
10,0.00012200955114592034,9.999577046418072,False,27933,27953,0.2098391653775007
10,0.00012201469691427272,9.999998779853032,False,27934,27954,0.20983794523053234
10,0.00012201469691427272,9.999998779853032,False,27935,27955,0.209836725083564
10,0.00012201469691427272,9.999998779853032,False,27936,27956,0.20983550493659564
10,0.00012201469691427272,9.999998779853032,False,27937,27957,0.2098342847896273
10,0.00012201469691427272,9.999998779853032,False,27938,27958,0.20983306464265894
10,0.00012201469691427272,9.999998779853032,False,27939,27959,0.2098318444956906
10,0.00012201469691427272,9.99953146356385,False,27940,27960,0.2093633080595403
10,0.00012201469691427272,9.99919104255946,False,27941,27961,0.20855435061899996
10,0.00012206050042336455,9.999930998894573,False,28747,28767,0.20848534951357323
10,0.00012206050042336455,9.999930998894573,False,28748,28768,0.2084163484081465
10,0.00012206050042336455,9.999930998894573,False,28749,28769,0.20834734730271975
10,0.00012206050042336455,9.999930998894573,False,28750,28770,0.20827834619729302
10,0.00012206050042336455,9.999930998894573,False,28751,28771,0.20820934509186628
10,0.00012206050042336455,9.999930998894573,False,28752,28772,0.20814034398643955
10,0.00012206050042336455,9.999930998894573,False,28753,28773,0.2080713428810128
10,0.00012206050042336455,9.999930998894573,False,28754,28774,0.20800234177558607
10,0.00012206050042336455,9.999930998894573,False,28755,28775,0.20793334067015934
10,0.00012206050042336455,9.999930998894573,False,28756,28776,0.2078643395647326
10,0.00012206050042336455,9.999930998894573,False,28757,28777,0.20779533845930587
10,0.00012206050042336455,9.999930998894573,False,28758,28778,0.20772633735387913
10,0.00012206050042336455,9.999930998894573,False,28759,28779,0.2076573362484524
10,0.00012206050042336455,9.999930998894573,False,28760,28780,0.20758833514302566
10,0.00012206132776115235,9.999998779386724,False,28765,28785,0.20758711452974943
10,0.00012205337827229254,10.000476503152424,True,29055,29075,0.20806361768217307
10,0.00012205337827229254,10.000476503152424,True,29056,29076,0.20854012083459672
10,0.00012205151013112971,10.000323436501848,True,29059,29079,0.20886355733644457
10,0.00012205151013112971,10.000323436501848,True,29060,29080,0.20918699383829242
10,0.00012205151013112971,10.000323436501848,True,29061,29081,0.20951043034014027
10,0.00012205151013112971,10.000323436501848,True,29062,29082,0.20983386684198813
10,0.00012205151013112971,10.000323436501848,True,29063,29083,0.21015730334383598
10,0.00012205151013112971,10.000323436501848,True,29064,29084,0.21048073984568383
10,0.00012205151013112971,10.000323436501848,True,29065,29085,0.21080417634753168
10,0.00012204019108354877,10.000837301938859,True,29154,29174,0.21164147828639024
10,0.00012204019108354877,10.000890999622936,True,29155,29175,0.21253247790932583
10,0.00012204019108354877,10.000923950474526,True,29156,29176,0.21345642838385182
10,0.0001220388493591496,10.000856712722502,True,29157,29177,0.2143131411063539
10,0.00012203737492236897,10.000750529855772,True,29158,29178,0.21506367096212564
10,0.00012203737492236897,10.000750529855772,True,29159,29179,0.21581420081789737
10,0.00012203737492236897,10.000750529855772,True,29160,29180,0.2165647306736691
10,0.00012203737492236897,10.000747326987026,True,29161,29181,0.2173120576606955
10,0.00012203737492236897,10.000774937330757,True,29164,29184,0.21808699499145234
10,0.00012203737492236897,10.00075794809203,True,29170,29190,0.21884494308348224
10,0.00012203737492236897,10.000717579764544,True,29171,29191,0.21956252284802602
10,0.00012203737492236897,10.00072368163329,True,29172,29192,0.2202862044813152
10,0.00012202457164922672,10.001060677627631,True,29193,29213,0.22134688210894637
10,0.00012202458244352002,10.001061562321434,True,29194,29214,0.22240844443038021
10,0.00012202458244352002,10.001061562321434,True,29195,29215,0.22347000675181405
10,0.00012202458307250579,10.000787204915362,True,29196,29216,0.22425721166717594
10,0.00012202458307250579,10.000754304232727,True,29197,29217,0.22501151589990265
10,0.00012202458307250579,10.000414883582447,True,29198,29218,0.22542639948235
10,0.00012202458307250579,10.000414883582447,True,29199,29219,0.22584128306479734
10,0.00012202458307250579,10.000414883582447,True,29200,29220,0.22625616664724468
10,0.00012202458307250579,10.000452711203199,True,29201,29221,0.22670887785044336
10,0.00012201575394205446,10.000241591192804,True,29227,29247,0.22695046904324734
10,0.00012201575394205446,10.00027349193129,True,29228,29248,0.22722396097453768
10,0.00012201575394205446,10.000982226819232,True,29229,29249,0.22820618779377
10,0.00012201575394205446,10.000982226819232,True,29230,29250,0.22918841461300232
10,0.00012201575394205446,10.000982226819232,True,29231,29251,0.23017064143223465
10,0.00012201575394205446,10.000982226819232,True,29232,29252,0.23115286825146697
10,0.00012201575394205446,10.000982226819232,True,29233,29253,0.2321350950706993
10,0.00012201575394205446,10.000982226819232,True,29234,29254,0.23311732188993162
10,0.0001220037555196024,10.000085402628862,True,29249,29269,0.23320272451879376
10,0.00012200185209255615,9.999929387488681,False,29255,29275,0.23313211200747475
10,0.00012200269869969524,9.999998779973014,False,29258,29278,0.23313089198048864
10,0.00012200269869969524,9.999998779973014,False,29260,29280,0.23312967195350254
10,0.00012200269869969524,9.999998779973014,False,29261,29281,0.23312845192651643
10,0.00012198525598575228,9.999481530836793,False,29322,29342,0.23260998276330902
10,0.00012198408527067011,9.999385563961555,False,29323,29343,0.231995546724864
10,0.0001219840201124801,9.999380222757717,False,29324,29344,0.23137576948258065
10,0.0001219840201124801,9.999380222757717,False,29325,29345,0.2307559922402973
10,0.0001219840201124801,9.999380222757717,False,29326,29346,0.23013621499801395
10,0.00012199156599109364,9.99999878008434,False,29327,29347,0.2301349950823539
10,0.00012199156599109364,9.99999878008434,False,29328,29348,0.23013377516669387
10,0.00012199156599109364,9.99999878008434,False,29329,29349,0.23013255525103382
10,0.00012199156599109364,9.99999878008434,False,29330,29350,0.23013133533537378
10,0.00012199156599109364,9.99999878008434,False,29331,29351,0.23013011541971373
10,0.00012199156599109364,9.99999878008434,False,29332,29352,0.2301288955040537
10,0.00012199156599109364,9.99999878008434,False,29333,29353,0.23012767558839364
10,0.00012199156599109364,9.99999878008434,False,29334,29354,0.2301264556727336
10,0.00012199156599109364,9.99999878008434,False,29335,29355,0.23012523575707355
10,0.00012199156599109364,9.99999878008434,False,29371,29391,0.2301240158414135
10,0.00012199156599109364,9.99999878008434,False,29372,29392,0.23012279592575346
10,0.00012199156599109364,9.99999878008434,False,29373,29393,0.23012157601009342
10,0.00012199156599109364,9.99999878008434,False,29374,29394,0.23012035609443338
10,0.00012199156599109364,9.99999878008434,False,29375,29395,0.23011913617877333
10,0.00012199156599109364,9.99999878008434,False,29376,29396,0.2301179162631133
10,0.00012199156599109364,9.99999878008434,False,29377,29397,0.23011669634745324
10,0.00012199156599109364,9.99999878008434,False,29378,29398,0.2301154764317932
10,0.00012199156599109364,9.99999878008434,False,29379,29399,0.23011425651613315
10,0.00012199156599109364,9.99999878008434,False,29380,29400,0.2301130366004731
10,0.00012199156599109364,9.99999878008434,False,29381,29401,0.23011181668481306
10,0.00012199156599109364,9.99999878008434,False,29382,29402,0.23011059676915302
10,0.00012199156599109364,9.99999878008434,False,29383,29403,0.23010937685349298
10,0.00012199156599109364,9.99999878008434,False,29384,29404,0.23010815693783293
10,0.00012199156599109364,9.99999878008434,False,29385,29405,0.23010693702217289
10,0.00012199156599109364,9.99999878008434,False,29386,29406,0.23010571710651284
10,0.00012199156599109364,9.99999878008434,False,29387,29407,0.2301044971908528
10,0.00012199156599109364,9.99999878008434,False,29388,29408,0.23010327727519275
10,0.00012199156599109364,9.99999878008434,False,29389,29409,0.2301020573595327
10,0.00012199156599109364,9.99999878008434,False,29390,29410,0.23010083744387266
10,0.00012199156599109364,9.99999878008434,False,29391,29411,0.23009961752821262
10,0.00012199156599109364,9.99999878008434,False,29392,29412,0.23009839761255257
10,0.00012199156599109364,9.99999878008434,False,29393,29413,0.23009717769689253
10,0.00012199156599109364,9.99999878008434,False,29394,29414,0.23009595778123249
10,0.00012199156599109364,9.99999878008434,False,29395,29415,0.23009473786557244
10,0.00012199156599109364,9.99999878008434,False,29396,29416,0.2300935179499124
10,0.00012199156599109364,9.99999878008434,False,29397,29417,0.23009229803425235
10,0.00012199156599109364,9.99999878008434,False,29398,29418,0.2300910781185923
10,0.00012199156599109364,9.99999878008434,False,29399,29419,0.23008985820293226
10,0.00012199156599109364,9.99999878008434,False,29400,29420,0.23008863828727222
10,0.00012199156599109364,9.99999878008434,False,29401,29421,0.23008741837161217
10,0.00012199156599109364,9.99999878008434,False,29402,29422,0.23008619845595213
10,0.00012199156599109364,9.99999878008434,False,29403,29423,0.23008497854029208
10,0.00012199156599109364,9.99999878008434,False,29404,29424,0.23008375862463204
10,0.00012199156599109364,9.99999878008434,False,29405,29425,0.230082538708972
10,0.00012199156599109364,9.99999878008434,False,29406,29426,0.23008131879331195
10,0.00012199156599109364,9.99999878008434,False,29407,29427,0.2300800988776519
10,0.00012199156599109364,9.99999878008434,False,29409,29429,0.23007887896199186
10,0.00012199156599109364,9.99999878008434,False,29410,29430,0.23007765904633182
10,0.00012199156599109364,9.99999878008434,False,29411,29431,0.23007643913067177
10,0.00012199156599109364,9.99999878008434,False,29412,29432,0.23007521921501173
10,0.00012199156599109364,9.99999878008434,False,29413,29433,0.23007399929935168
10,0.00012199156599109364,9.99999878008434,False,29415,29435,0.23007277938369164
10,0.00012199156599109364,9.99999878008434,False,29833,29853,0.2300715594680316
10,0.00012199156599109364,9.99999878008434,False,29834,29854,0.23007033955237155
10,0.00012199156599109364,9.99999878008434,False,29835,29855,0.2300691196367115
10,0.00012199156599109364,9.99999878008434,False,29836,29856,0.23006789972105146
10,0.00012199156599109364,9.99999878008434,False,29837,29857,0.23006667980539142
10,0.00012199156599109364,9.99999878008434,False,29838,29858,0.23006545988973137
10,0.00012199156599109364,9.99999878008434,False,29839,29859,0.23006423997407133
10,0.00012202834042195936,9.999996745149788,False,30106,30126,0.23006098512385975
10,0.00012202834042195936,9.999996745149788,False,30107,30127,0.23005773027364818
10,0.00012201548507521872,9.999932818850745,False,30142,30162,0.22999054912439298
10,0.00012201548726051156,9.999976923524587,False,30143,30163,0.22996747264897976
10,0.00012201813814149454,10.000244208206611,True,30144,30164,0.23021168085559118
10,0.00012201813814149454,10.000339382354362,True,30146,30166,0.230551063209953
10,0.00012201814028657154,10.0003920259605,True,30147,30167,0.23094308917045225
10,0.00012201843201704349,10.000492807288705,True,30148,30168,0.23143589645915696
10,0.00012202007156965278,10.00076262544731,True,30152,30172,0.23219852190646684
10,0.00012202007156965278,10.00076262544731,True,30153,30173,0.2329611473537767
10,0.00012202007156965278,10.00076262544731,True,30154,30174,0.23372377280108658
10,0.00012202007156965278,10.00076262544731,True,30155,30175,0.23448639824839645
10,0.00012201075183147288,10.000508784835137,True,30204,30224,0.23499518308353373
10,0.00012201075183147288,10.000508784835137,True,30205,30225,0.235503967918671
10,0.00012200044974245984,10.000025504094173,True,30209,30229,0.23552947201284447
10,0.00012200396448747633,10.00043072142662,True,30217,30237,0.23596019343946395
10,0.0001220043773333901,10.000464561613507,True,30218,30238,0.23642475505297078
10,0.00012200377804809967,10.000419099462219,True,30223,30243,0.23684385451518963
10,0.00012200376359125964,10.000465495930166,True,30224,30244,0.23730935044535606
10,0.0001220043550136662,10.000513973937698,True,30225,30245,0.2378233243830543
10,0.00012198812835932432,9.999787740656654,False,30275,30295,0.23761106503970808
10,0.00012203725577751826,10.000174513275761,True,30394,30414,0.23778557831546898
10,0.00012203286693616392,10.000748427159643,True,30449,30469,0.2385340054751115
10,0.00012202960120848354,10.00031605666713,True,30451,30471,0.23885006214224092
10,0.00012202960120848354,10.000339242291359,True,30452,30472,0.23918930443359976
10,0.00012202960120848354,10.000399036795953,True,30453,30473,0.23958834122955253
10,0.00012202960120848354,10.000405138276012,True,30454,30474,0.23999347950556427
10,0.00012202960120848354,10.000414900644108,True,30455,30475,0.24040838014967214
10,0.00012205493643867128,10.000151348121182,True,30707,30727,0.24055972827085448
10,0.00012205493643867128,10.000151348121182,True,30708,30728,0.24071107639203682
10,0.00012205145054487429,10.000491867345696,True,30744,30764,0.24120294373773277
10,0.00012202376412806395,10.000112261862999,True,30772,30792,0.24131520560073128
10,0.00012202376412806395,10.000112261862999,True,30773,30793,0.24142746746372978
10,0.00012202376412806395,10.000112261862999,True,30774,30794,0.2415397293267283
10,0.0001220771227105809,10.000230725761924,True,31380,31400,0.24177045508865191
10,0.0001220771227105809,10.000246595787875,True,31381,31401,0.2420170508765267
10,0.0001220771227105809,10.000260024271373,True,31382,31402,0.24227707514789998
10,0.0001220771227105809,10.000274673526098,True,31383,31403,0.2425517486739981
10,0.0001220771227105809,10.000289322780825,True,31384,31404,0.2428410714548228
10,0.0001220771227105809,10.00030397203555,True,31385,31405,0.24314504349037236
10,0.0001220771227105809,10.000358906740768,True,31386,31406,0.24350395023114046
10,0.00012207533439791162,10.000241709162108,True,31388,31408,0.2437456593932481
10,0.00012205297001256169,9.9999987794703,False,31602,31622,0.24374443886354769
10,0.00012205194714489995,9.99991619477497,False,31730,31750,0.24366063363851787
10,0.00012205038793371746,9.999788446045683,False,31734,31754,0.2434490796842006
10,0.0001220503610218456,9.999786241111886,False,31735,31755,0.2432353207960869
10,0.00012205022646248631,9.999775216442902,False,31740,31760,0.24301053723898924
10,0.00012205022646248631,9.999775216442902,False,31741,31761,0.2427857536818916
10,0.00012205742435643698,9.999998779425757,False,32428,32448,0.24278453310764903
10,0.00012206475461993735,9.999998779352454,False,32565,32585,0.24278331246010332
10,0.00012206475461993735,9.999998779352454,False,32566,32586,0.2427820918125576
10,0.00012206475461993735,9.999998779352454,False,32567,32587,0.2427808711650119
10,0.00012206475461993735,9.999998779352454,False,32568,32588,0.2427796505174662
10,0.00012206475461993735,9.999998779352454,False,32569,32589,0.2427784298699205
10,0.00012206475461993735,9.999998779352454,False,32570,32590,0.24277720922237478
10,0.00012206475461993735,9.999998779352454,False,32571,32591,0.24277598857482907
10,0.00012206475461993735,9.999998779352454,False,32572,32592,0.24277476792728336
10,0.00012206475461993735,9.999998779352454,False,32573,32593,0.24277354727973766
10,0.00012206475461993735,9.999998779352454,False,32574,32594,0.24277232663219195
10,0.00012206475461993735,9.999998779352454,False,32575,32595,0.24277110598464624
10,0.00012206475461993735,9.999998779352454,False,32576,32596,0.24276988533710053
